{"cameraMode":{"drawMode":0,"name":"Shaded","section":"Shading Mode"},"sceneLighting":false,"audioPlay":false,"sceneViewState":{"m_AlwaysRefresh":false,"showFog":false,"showSkybox":false,"showFlares":false,"showImageEffects":false,"showParticleSystems":false,"showVisualEffectGraphs":true,"m_FxEnabled":false},"in2DMode":false,"pivot":{"x":-0.01739490032196045,"y":1.0101428031921387,"z":0.07070213556289673},"rotation":{"x":-0.00028580674552358687,"y":-0.9954490661621094,"z":-0.0029863209929317238,"w":0.0952533408999443},"size":1.2873481512069703,"orthographic":true}